,name,name.1,name.2,name.3,W/L/T,date
1,Brix,Them,Negro,Speedy,W,2023-07-29
3,Brix,Them,Negro,Speedy,L,2023-07-29
5,Brix,Them,Negro,Speedy,L,2023-07-29
7,Brix,Them,Negro,Speedy,W,2023-07-29
9,Brix,Them,Negro,Speedy,L,2023-07-29
85,Brix,Negro,Angie,Speedy,W,2023-07-29
87,Brix,Negro,Angie,Speedy,L,2023-07-29
89,Brix,Negro,Angie,Speedy,W,2023-07-29
91,Brix,Negro,Angie,Speedy,L,2023-07-29
93,Brix,Negro,Angie,Speedy,W,2023-07-29
179,Brix,Them,Negro,Speedy,W,2023-07-29
181,Brix,Them,Negro,Speedy,W,2023-07-29
183,Brix,Them,Negro,Speedy,L,2023-07-29
185,Brix,Them,Negro,Speedy,L,2023-07-29
187,Brix,Them,Negro,Speedy,L,2023-07-29
295,Brooke,Bree,Hector,Bella,W,2023-07-29
297,Brooke,Bree,Hector,Bella,L,2023-07-29
299,Brooke,Bree,Hector,Bella,L,2023-07-29
301,Brooke,Bree,Bella,Hector,L,2023-07-29
336,Brooke,Bree,Henry,Bella,W,2023-07-29
338,Brooke,Bree,Henry,Bella,L,2023-07-29
340,Brooke,Bree,Henry,Bella,W,2023-07-29
342,Brooke,Bree,Henry,Bella,W,2023-07-29
394,Brooke,Bree,Henry,Hector,L,2023-07-29
396,Brooke,Bree,Henry,Bella,W,2023-07-29
398,Brooke,Bree,Henry,Bella,L,2023-07-29
400,Brooke,Bree,Henry,Bella,W,2023-07-29
402,Brooke,Bree,Henry,Bella,W,2023-07-29
430,Brooke,Bree,Henry,Bella,W,2023-07-29
432,Brooke,Bree,Henry,Bella,W,2023-07-29
434,Brooke,Bree,Henry,Bella,W,2023-07-29
443,Brooke,Bree,Hector,Bella,W,2023-07-29
445,Brooke,Bree,Hector,Bella,W,2023-07-29
447,Brooke,Bree,Hector,Bella,L,2023-07-29
449,Brooke,Bree,Hector,Bella,W,2023-07-29
459,Brooke,Bree,Hector,Bella,L,2023-07-29
461,Brooke,Bree,Hector,Bella,L,2023-07-29
463,Brooke,Bree,Hector,Bella,L,2023-07-29
465,Sunny,Apollo,Pax,Sirius,L,2023-07-30
467,Sunny,Apollo,Pax,Sirius,L,2023-07-30
469,Sunny,Apollo,Pax,Sirius,L,2023-07-30
511,Enola,Maggie,Alfie,Tyna,W,2023-07-30
513,Enola,Maggie,Alfie,Tyna,L,2023-07-30
515,Enola,Maggie,Alfie,Tyna,W,2023-07-30
517,Enola,Maggie,Alfie,Tyna,L,2023-07-30
519,Enola,Maggie,Alfie,Tyna,L,2023-07-30
572,Sunny,Apollo,Pax,Dixie,L,2023-07-30
574,Sunny,Apollo,Pax,Dixie,L,2023-07-30
576,Sunny,Pax,Dixie,Sirius,L,2023-07-30
668,Enola,Maggie,Alfie,Tyna,L,2023-07-30
670,Enola,Moon,Maggie,Alfie,L,2023-07-30
672,Enola,Moon,Maggie,Alfie,L,2023-07-30
845,Cookies,Mason,Fleur,Bailey,L,2023-07-30
847,Cookies,Mason,Fleur,Bailey,L,2023-07-30
849,Cookies,Mason,Fleur,Bailey,L,2023-07-30
933,Cookies,Mason,Fleur,Bailey,L,2023-07-30
935,Cookies,Mason,Fleur,Bailey,L,2023-07-30
937,Cookies,Mason,Fleur,Bailey,W,2023-07-30
939,Cookies,Mason,Fleur,Bailey,L,2023-07-30
1176,Sunny,Dixie,Alex,Hector,L,2023-04-22
1177,Brooke,Rocky,Bella,Bree,L,2023-04-22
1178,Sunny,Dixie,Alex,Hector,W,2023-04-22
1179,Brooke,Rocky,Bella,Bree,L,2023-04-22
1180,Sunny,Dixie,Alex,Hector,W,2023-04-22
1181,Brooke,Rocky,Bella,Bree,L,2023-04-22
1182,Enola,Maggie,Tyna,Moon,L,2023-04-22
1184,Enola,Maggie,Tyna,Moon,L,2023-04-22
1186,Enola,Maggie,Tyna,Moon,L,2023-04-22
1189,Dusty,Gordon,Agnes,Angie,L,2023-04-22
1191,Dusty,Gordon,Agnes,Angie,L,2023-04-22
1193,Jasper,Gordon,Agnes,Angie,W,2023-04-22
1195,Jasper,Gordon,Agnes,Angie,L,2023-04-22
1196,Falco,Negro,Mason,Hank,W,2023-04-22
1198,Falco,Negro,Mason,Hank,W,2023-04-22
1200,Negro,Mason,Hank,Ted,L,2023-04-22
1202,Negro,Mason,Hank,Ted,L,2023-04-22
1204,Brooke,Bella,Bree,Bruno,W,2023-04-22
1205,Brooke,Bella,Bree,Bruno,W,2023-04-22
1206,Sirius,Dexter,Bonnie,Pax,L,2023-04-22
1207,Brooke,Bella,Bree,Bruno,W,2023-04-22
1208,Sirius,Dexter,Bonnie,Pax,L,2023-04-22
1210,Sunny,Dixie,Alfie,Alex,W,2023-04-22
1212,Sunny,Dixie,Alfie,Alex,W,2023-04-22
1214,Sunny,Dixie,Alfie,Alex,W,2023-04-22
1215,Falco,Mason,Hank,Ted,L,2023-04-22
1217,Falco,Mason,Hank,Ted,L,2023-04-22
1219,Falco,Mason,Hank,Ted,W,2023-04-22
1221,Falco,Negro,Hank,Ted,L,2023-04-22
1224,Bailey,Gordon,Jasper,Angie,L,2023-04-22
1226,Bailey,Gordon,Jasper,Angie,L,2023-04-22
1228,Bailey,Gordon,Jasper,Agnes,L,2023-04-22
1230,Bailey,Gordon,Jasper,Agnes,L,2023-04-22
1231,Fleur,Dexter,Bonnie,Sirius,W,2023-04-22
1232,Enola,Maggie,Tyna,Moon,L,2023-04-22
1233,Fleur,Dexter,Bonnie,Sirius,W,2023-04-22
1234,Enola,Maggie,Tyna,Moon,L,2023-04-22
1235,Fleur,Dexter,Bonnie,Sirius,L,2023-04-22
1236,Enola,Maggie,Tyna,Moon,W,2023-04-22
1237,Brooke,Rocky,Bree,Bruno,L,2023-04-22
1239,Brooke,Rocky,Bree,Bruno,L,2023-04-22
1241,Brooke,Rocky,Bree,Bruno,W,2023-04-22
1243,Bailey,Agnes,Jasper,Angie,L,2023-04-22
1244,Falco,Negro,Hank,Ted,W,2023-04-22
1245,Bailey,Agnes,Jasper,Angie,W,2023-04-22
1246,Falco,Negro,Hank,Ted,L,2023-04-22
1247,Bailey,Agnes,Jasper,Angie,L,2023-04-22
1248,Falco,Negro,Mason,Hank,W,2023-04-22
1249,Bailey,Agnes,Jasper,Angie,W,2023-04-22
1250,Falco,Negro,Mason,Hank,L,2023-04-22
1259,Fleur,Dexter,Bonnie,Pax,W,2023-04-22
1260,Sunny,Dixie,Alfie,Hector,L,2023-04-22
1261,Fleur,Dexter,Bonnie,Pax,L,2023-04-22
1262,Sunny,Dixie,Alfie,Hector,W,2023-04-22
1263,Fleur,Dexter,Bonnie,Pax,L,2023-04-22
1264,Sunny,Dixie,Alfie,Hector,W,2023-04-22
1265,Fleur,Dexter,Bonnie,Pax,W,2023-04-22
1266,Sunny,Dixie,Alfie,Hector,L,2023-04-22
1267,Enola,Maggie,Tyna,Moon,W,2023-04-22
1268,Brooke,Rocky,Bruno,Bella,L,2023-04-22
1269,Enola,Maggie,Tyna,Moon,L,2023-04-22
1270,Brooke,Rocky,Bruno,Bella,L,2023-04-22
1271,Enola,Maggie,Tyna,Moon,W,2023-04-22
1272,Brooke,Rocky,Bruno,Bella,L,2023-04-22
1274,Fleur,Bonnie,Pax,Sirius,L,2023-04-22
1276,Fleur,Bonnie,Pax,Sirius,L,2023-04-22
1278,Fleur,Bonnie,Pax,Sirius,L,2023-04-22
1279,Dixie,Alfie,Alex,Hector,L,2023-04-22
1280,Enola,Moon,Maggie,Tyna,L,2023-04-22
1281,Dixie,Alfie,Alex,Hector,L,2023-04-22
1282,Enola,Moon,Maggie,Tyna,L,2023-04-22
1283,Dixie,Alfie,Alex,Hector,L,2023-04-22
1284,Enola,Moon,Maggie,Tyna,W,2023-04-22
1285,Fleur,Dexter,Bonnie,Pax,W,2023-04-23
1286,Rocky,Bree,Bruno,Bella,L,2023-04-23
1287,Fleur,Dexter,Bonnie,Pax,W,2023-04-23
1288,Rocky,Bree,Bruno,Bella,L,2023-04-23
1289,Fleur,Dexter,Bonnie,Pax,W,2023-04-23
1290,Rocky,Bree,Bruno,Bella,L,2023-04-23
1292,Dixie,Alex,Alfie,Hector,L,2023-04-23
1294,Dixie,Alex,Alfie,Hector,W,2023-04-23
1296,Dixie,Alex,Alfie,Hector,W,2023-04-23
1298,Dixie,Alex,Alfie,Hector,W,2023-04-23
1299,Bailey,Gordon,Agnes,Angie,L,2023-04-23
1301,Bailey,Gordon,Agnes,Angie,L,2023-04-23
1303,Bailey,Gordon,Agnes,Angie,W,2023-04-23
1305,Bailey,Gordon,Agnes,Angie,L,2023-04-23
1307,Falco,Negro,Mason,Hank,L,2023-04-23
1309,Falco,Negro,Mason,Hank,L,2023-04-23
1311,Falco,Negro,Mason,Hank,W,2023-04-23
1313,Falco,Negro,Mason,Hank,L,2023-04-23
1315,Enola,Moon,Maggie,Tyna,W,2023-04-23
1316,Dexter,Bonnie,Pax,Sirius,L,2023-04-23
1317,Enola,Moon,Maggie,Tyna,W,2023-04-23
1318,Dexter,Bonnie,Pax,Sirius,L,2023-04-23
1319,Enola,Moon,Maggie,Tyna,W,2023-04-23
1320,Dexter,Bonnie,Pax,Sirius,L,2023-04-23
1322,Rocky,Bree,Bruno,Bella,W,2023-04-23
1324,Rocky,Bree,Bruno,Bella,L,2023-04-23
1326,Rocky,Bree,Bruno,Bella,L,2023-04-23
1328,Rocky,Bree,Bruno,Bella,W,2023-04-23
1330,Rocky,Bree,Bruno,Bella,W,2023-04-23
1341,Falco,Negro,Hank,Ted,W,2023-04-23
1342,Bailey,Gordon,Jasper,Agnes,L,2023-04-23
1343,Falco,Negro,Hank,Ted,L,2023-04-23
1344,Bailey,Gordon,Jasper,Agnes,W,2023-04-23
1345,Falco,Negro,Hank,Ted,W,2023-04-23
1346,Bailey,Gordon,Jasper,Agnes,L,2023-04-23
1347,Falco,Negro,Hank,Ted,W,2023-04-23
1348,Bailey,Gordon,Jasper,Agnes,L,2023-04-23
1349,Enola,Moon,Maggie,Tyna,W,2023-04-23
1350,Dixie,Alex,Alfie,Hector,L,2023-04-23
1351,Enola,Moon,Maggie,Tyna,L,2023-04-23
1352,Dixie,Alex,Alfie,Hector,W,2023-04-23
1353,Enola,Moon,Maggie,Tyna,L,2023-04-23
1354,Dixie,Alex,Alfie,Hector,W,2023-04-23
1355,Enola,Moon,Maggie,Tyna,L,2023-04-23
1356,Dixie,Alex,Alfie,Hector,W,2023-04-23
1357,Falco,Mason,Hank,Ted,L,2023-04-23
1359,Falco,Mason,Negro,Ted,W,2023-04-23
1361,Falco,Mason,Negro,Ted,W,2023-04-23
1363,Falco,Mason,Negro,Ted,W,2023-04-23
1365,Fleur,Dexter,Bonnie,Pax,W,2023-04-23
1366,Rocky,Bree,Bruno,Bella,L,2023-04-23
1367,Fleur,Dexter,Bonnie,Pax,W,2023-04-23
1368,Rocky,Bree,Bruno,Bella,L,2023-04-23
1369,Fleur,Dexter,Bonnie,Pax,W,2023-04-23
1370,Rocky,Bree,Bruno,Bella,L,2023-04-23
1371,Dexter,Bonnie,Pax,Sirius,W,2023-04-23
1372,Enola,Moon,Maggie,Tyna,L,2023-04-23
1373,Dexter,Bonnie,Pax,Sirius,W,2023-04-23
1374,Enola,Moon,Maggie,Tyna,L,2023-04-23
1375,Dexter,Bonnie,Pax,Sirius,L,2023-04-23
1376,Enola,Moon,Maggie,Tyna,W,2023-04-23
1377,Dexter,Bonnie,Pax,Sirius,L,2023-04-23
1378,Enola,Moon,Maggie,Tyna,W,2023-04-23
1379,Dexter,Bonnie,Pax,Sirius,L,2023-04-23
1380,Enola,Moon,Maggie,Tyna,W,2023-04-23
1381,Falco,Negro,Mason,Ted,W,2023-04-23
1383,Falco,Negro,Mason,Ted,W,2023-04-23
1385,Falco,Negro,Mason,Hank,L,2023-04-23
1387,Falco,Negro,Mason,Hank,W,2023-04-23
1389,Enola,Moon,Maggie,Tyna,L,2023-04-23
1390,Dixie,Alex,Alfie,Hector,W,2023-04-23
1391,Enola,Moon,Maggie,Tyna,W,2023-04-23
1392,Dixie,Alex,Alfie,Hector,L,2023-04-23
1393,Enola,Moon,Maggie,Tyna,L,2023-04-23
1394,Dixie,Alex,Alfie,Hector,W,2023-04-23
1395,Enola,Moon,Maggie,Tyna,W,2023-04-23
1396,Dixie,Alex,Alfie,Hector,L,2023-04-23
1397,Enola,Moon,Maggie,Tyna,W,2023-04-23
1398,Dixie,Alex,Alfie,Hector,L,2023-04-23
1400,Falco,Mason,Negro,Hank,L,2023-04-23
1402,Falco,Mason,Negro,Hank,L,2023-04-23
1404,Falco,Mason,Hank,Ted,L,2023-04-23
1405,Dixie,Alex,Alfie,Hector,L,2023-04-23
1406,Enola,Moon,Maggie,Tyna,W,2023-04-23
1407,Dixie,Alex,Alfie,Hector,L,2023-04-23
1408,Enola,Moon,Maggie,Tyna,W,2023-04-23
1409,Dixie,Alex,Alfie,Hector,L,2023-04-23
1410,Enola,Moon,Maggie,Tyna,W,2023-04-23
1413,Negro,Gordon,Dusty,Kesha,L,2023-05-06
1415,Negro,Gordon,Dusty,Kesha,L,2023-05-06
1417,Negro,Gordon,Dusty,Kesha,L,2023-05-06
1426,Mason,,,,,2023-05-06
1427,Mason,Hank,Agnes,Speedy,W,2023-05-06
1429,Mason,Hank,Agnes,Speedy,L,2023-05-06
1431,Mason,Hank,Agnes,Speedy,L,2023-05-06
1433,Mason,Hank,Agnes,Speedy,L,2023-05-06
1435,Nina,Bonnie,Dixie,Falco,W,2023-05-06
1437,Nina,Bonnie,Dixie,Falco,L,2023-05-06
1439,Nina,Bonnie,Dixie,Falco,L,2023-05-06
1448,Sunny,Pax,Alex,Hector,L,2023-05-06
1450,Sunny,Pax,Alex,Hector,L,2023-05-06
1452,Sunny,Pax,Alex,Hector,L,2023-05-06
1478,Enola,,,,,2023-05-06
1480,Enola,Moon,Alfie,Tyna,W,2023-05-06
1482,Enola,Moon,Alfie,Tyna,L,2023-05-06
1484,Enola,Moon,Alfie,Tyna,W,2023-05-06
1486,Enola,Moon,Alfie,Tyna,W,2023-05-06
1495,Negro,Gordon,Dusty,Kesha,L,2023-05-06
1497,Negro,Gordon,Dusty,Kesha,L,2023-05-06
1499,Negro,Gordon,Dusty,Kesha,L,2023-05-06
1508,Mason,Hank,Angie,Speedy,W,2023-05-06
1510,Mason,Hank,Angie,Speedy,L,2023-05-06
1512,Mason,Hank,Angie,Speedy,W,2023-05-06
1520,Nina,Bonnie,Fleur,Falco,W,2023-05-06
1522,Nina,Bonnie,Fleur,Falco,L,2023-05-06
1524,Nina,Bonnie,Fleur,Falco,W,2023-05-06
1525,Sunny,Pax,Alex,Sirius,L,2023-05-06
1527,Sunny,Pax,Alex,Sirius,L,2023-05-06
1529,Sunny,Pax,Alex,Sirius,L,2023-05-06
1562,Enola,Moon,Alfie,Maggie,L,2023-05-06
1564,Enola,Moon,Alfie,Maggie,L,2023-05-06
1566,Enola,Moon,Alfie,Maggie,L,2023-05-06
1568,Enola,Moon,Alfie,Maggie,W,2023-05-06
1577,Negro,Gordon,Dusty,Kesha,L,2023-05-06
1579,Negro,Gordon,Dusty,Kesha,L,2023-05-06
1581,Negro,Gordon,Dusty,Kesha,L,2023-05-06
1606,Sunny,Alex,Hector,Sirius,L,2023-05-06
1608,Sunny,Alex,Hector,Sirius,W,2023-05-06
1610,Sunny,Alex,Hector,Sirius,W,2023-05-06
1629,Enola,Alfie,Maggie,Tyna,L,2023-05-06
1631,Enola,Alfie,Maggie,Tyna,W,2023-05-06
1633,Enola,Alfie,Maggie,Tyna,L,2023-05-06
1635,Enola,Alfie,Maggie,Tyna,L,2023-05-06
1645,Angie,Hank,Agnes,Speedy,L,2023-05-06
1647,Angie,Hank,Agnes,Speedy,,2023-05-06
1648,Angie,Hank,Agnes,Speedy,W,2023-05-06
1650,Angie,Hank,Agnes,Speedy,W,2023-05-06
1657,Negro,Dexter,Gordon,Kesha,L,2023-05-06
1659,Negro,Dexter,Gordon,Kesha,L,2023-05-06
1661,Negro,Dexter,Gordon,Kesha,L,2023-05-06
1664,Bonnie,Dixie,Fleur,Falco,L,2023-05-06
1666,Bonnie,Dixie,Fleur,Falco,L,2023-05-06
1668,Bonnie,Dixie,Fleur,Falco,W,2023-05-06
1681,Sunny,Pax,Hector,Sirius,L,2023-05-06
1683,Sunny,Pax,Hector,Sirius,L,2023-05-06
1685,Sunny,Pax,Hector,Sirius,L,2023-05-06
1693,Mason,Angie,Agnes,Speedy,L,2023-05-06
1695,Mason,Angie,Agnes,Speedy,L,2023-05-06
1697,Mason,Angie,Agnes,Speedy,L,2023-05-06
1705,Nina,Bonnie,Dixie,Fleur,W,2023-05-06
1707,Nina,Bonnie,Dixie,Fleur,L,2023-05-06
1709,Nina,Bonnie,Dixie,Fleur,W,2023-05-06
1730,Negro,Dexter,Dusty,Kesha,L,2023-05-07
1732,Negro,Dexter,Dusty,Kesha,L,2023-05-07
1734,Negro,Dexter,Dusty,Kesha,W,2023-05-07
1736,Negro,Dexter,Dusty,Kesha,L,2023-05-07
1738,Mason,Hank,Agnes,Speedy,W,2023-05-07
1740,Mason,Hank,Agnes,Speedy,L,2023-05-07
1742,Mason,Hank,Agnes,Speedy,L,2023-05-07
1744,Mason,Hank,Agnes,Speedy,L,2023-05-07
1754,Nina,Bonnie,,,L,2023-05-07
1755,Nina,Bonnie,Dixie,Falco,L,2023-05-07
1757,Nina,Bonnie,Dixie,Falco,W,2023-05-07
1759,Nina,Bonnie,Dixie,Falco,L,2023-05-07
1761,Nina,Bonnie,Dixie,Falco,L,2023-05-07
1764,Sunny,Pax,Alex,Hector,L,2023-05-07
1766,Sunny,Pax,Alex,Hector,W,2023-05-07
1768,Sunny,Pax,Alex,Hector,W,2023-05-07
1770,Sunny,Pax,Alex,Hector,L,2023-05-07
1772,Sunny,Pax,Alex,Hector,W,2023-05-07
1779,Enola,Moon,Alfie,Tyna,L,2023-05-07
1781,Enola,Moon,Alfie,Tyna,L,2023-05-07
1783,Enola,Moon,Alfie,Tyna,W,2023-05-07
1785,Enola,Moon,Alfie,Tyna,L,2023-05-07
1825,Mason,Hank,Angie,Speedy,W,2023-05-07
1826,Negro,Dexter,Gordon,Kesha,L,2023-05-07
1827,Mason,Hank,Angie,Speedy,L,2023-05-07
1828,Negro,Dexter,Gordon,Kesha,W,2023-05-07
1829,Mason,Hank,Angie,Speedy,L,2023-05-07
1830,Negro,Dexter,Gordon,Kesha,W,2023-05-07
1831,Mason,Hank,Angie,Speedy,W,2023-05-07
1832,Negro,Dexter,Gordon,Kesha,L,2023-05-07
1833,Mason,Hank,Angie,Speedy,L,2023-05-07
1834,Negro,Dexter,Gordon,Kesha,W,2023-05-07
1841,Nina,Bonnie,Fleur,Falco,W,2023-05-07
1843,Nina,Bonnie,Fleur,Falco,W,2023-05-07
1845,Nina,Bonnie,Fleur,Falco,W,2023-05-07
1848,Sunny,Pax,Alex,Hector,L,2023-05-07
1850,Sunny,Pax,Alex,Hector,L,2023-05-07
1852,Sunny,Pax,Alex,Hector,L,2023-05-07
1860,Enola,Moon,Alfie,Maggie,W,2023-05-07
1862,Enola,Moon,Alfie,Maggie,L,2023-05-07
1864,Enola,Moon,Alfie,Maggie,L,2023-05-07
1866,Enola,Moon,Alfie,Maggie,L,2023-05-07
1900,Negro,Dexter,Dusty,Kesha,L,2023-05-07
1902,Negro,Dexter,Dusty,Kesha,L,2023-05-07
1904,Negro,Dexter,Dusty,Kesha,L,2023-05-07
1950,Nina,Bonnie,Fleur,Falco,W,2023-05-07
1952,Nina,Bonnie,Fleur,Falco,W,2023-05-07
1954,Nina,Bonnie,Fleur,Falco,W,2023-05-07
1955,Sunny,Pax,Alex,Hector,L,2023-05-07
1957,Sunny,Pax,Alex,Hector,L,2023-05-07
1959,Sunny,Pax,Alex,Hector,L,2023-05-07
1961,Sunny,Pax,Alex,Hector,L,2023-05-07
1987,Nina,Bonnie,Fleur,Falco,W,2023-05-07
1989,Nina,Bonnie,Fleur,Falco,L,2023-05-07
1991,Nina,Bonnie,Fleur,Falco,L,2023-05-07
1993,Nina,Bonnie,Fleur,Falco,L,2023-05-07
2051,Gerry,,,,,2023-05-06
2053,Gerry,Riley,Bree,Bruno,L,2023-05-06
2055,Gerry,Riley,Bree,Bruno,L,2023-05-06
2057,Riley,Bree,Bruno,Gerry,L,2023-05-06
2133,Gerry,Riley,Bree,Bella,W,2023-05-06
2135,Gerry,Riley,Bree,Bella,W,2023-05-06
2137,Gerry,Riley,Bree,Bella,W,2023-05-06
2223,Gerry,Bree,Bruno,Bella,L,2023-05-06
2224,Gerry,Bree,Bruno,Bella,W,2023-05-06
2225,Gerry,Bree,Bruno,Bella,L,2023-05-06
2307,Bree,Riley,Bruno,Bella,L,2023-05-06
2309,Bree,Riley,Bruno,Bella,W,2023-05-06
2311,Bree,Riley,Bruno,Bella,L,2023-05-06
2379,Gerry,Riley,Bree,Bella,W,2023-05-07
2381,Gerry,Riley,Bree,Bella,L,2023-05-07
2383,Riley,Bree,Gerry,Bella,W,2023-05-07
2385,Riley,Bree,Gerry,Bella,L,2023-05-07
2387,Riley,Bree,Gerry,Bella,L,2023-05-07
2568,Riley,Bree,Gerry,Bella,L,2023-05-07
2570,Riley,Bree,Gerry,Bella,L,2023-05-07
2572,Riley,Bree,Gerry,Bella,L,2023-05-07
2775,Bailey,Fleur,,,,2023-05-20
2778,Fleur,Falco,Mason,Bailey,L,2023-05-20
2780,Fleur,Falco,Mason,Bailey,L,2023-05-20
2782,Jessie,Pax,Bree,Sara,L,2023-05-20
2784,Sunny,Pax,Bree,Sara,L,2023-05-20
2786,Sunny,Pax,Bree,Sara,,2023-05-20
2787,Sunny,Pax,Bree,Sara,W,2023-05-20
2819,Enola,Alfie,Maggie,Tyna,L,2023-05-20
2821,Enola,Alfie,Maggie,Tyna,L,2023-05-20
2823,Enola,Alfie,Maggie,Tyna,L,2023-05-20
2825,Enola,Alfie,Maggie,Tyna,L,2023-05-20
2868,Bailey,Fleur,Falco,Kesha,L,2023-05-20
2870,Bailey,Fleur,Falco,Kesha,L,2023-05-20
2872,Bailey,Fleur,Falco,Kesha,L,2023-05-20
2874,Sunny,Pax,Bree,Bella,W,2023-05-20
2876,Sunny,Pax,Bree,Bella,W,2023-05-20
2878,Sunny,Pax,Bree,Bella,L,2023-05-20
2918,Enola,Alfie,Maggie,Hector,L,2023-05-20
2920,Enola,Alfie,Maggie,Hector,W,2023-05-20
2922,Enola,Alfie,Maggie,Hector,L,2023-05-20
2924,Enola,Alfie,Maggie,Hector,L,2023-05-20
2963,Falco,Mason,Kesha,Bailey,L,2023-05-20
2965,Falco,Mason,Kesha,Bailey,L,2023-05-20
2967,Falco,Mason,Kesha,Bailey,L,2023-05-20
2974,Jessie,Pax,Sara,Bella,L,2023-05-20
2976,Sunny,Pax,Sara,Bella,L,2023-05-20
2978,Sunny,Pax,Sara,Bella,L,2023-05-20
3036,Jessie,Bree,Sara,Bella,L,2023-05-20
3038,Sunny,Bree,Sara,Bella,L,2023-05-20
3040,Sunny,Bree,Sara,Bella,L,2023-05-20
3042,Enola,Alfie,Maggie,Tyna,L,2023-05-20
3044,Enola,Alfie,Maggie,Tyna,W,2023-05-20
3046,Enola,Alfie,Maggie,Tyna,L,2023-05-20
3048,Enola,Alfie,Maggie,Tyna,L,2023-05-20
3085,Fleur,Falco,Mason,Bailey,T,2023-05-20
3087,Fleur,Falco,Mason,Bailey,L,2023-05-20
3089,Fleur,Falco,Mason,Bailey,W,2023-05-20
3126,Fleur,Falco,Mason,Kesha,W,2023-05-21
3128,Fleur,Falco,Mason,Kesha,W,2023-05-21
3130,Fleur,Falco,Mason,Kesha,W,2023-05-21
3161,Sunny,Pax,Bree,Sara,W,2023-05-21
3163,Sunny,Pax,Bree,Sara,W,2023-05-21
3165,Sunny,Pax,Bree,Sara,W,2023-05-21
3181,Enola,Alfie,Maggie,Tyna,W,2023-05-21
3183,Enola,Alfie,Maggie,Tyna,W,2023-05-21
3185,Enola,Alfie,Maggie,Tyna,T,2023-05-21
3187,Enola,Alfie,Maggie,Tyna,L,2023-05-21
3189,Enola,Alfie,Maggie,Tyna,W,2023-05-21
3222,Fleur,Falco,Mason,Bailey,L,2023-05-21
3224,Fleur,Falco,Mason,Bailey,L,2023-05-21
3226,Fleur,Falco,Mason,Bailey,L,2023-05-21
3254,Sunny,Pax,Bree,Bella,L,2023-05-21
3256,Sunny,Pax,Bree,Bella,W,2023-05-21
3258,Sunny,Pax,Bree,Bella,L,2023-05-21
3260,Sunny,Pax,Bree,Bella,W,2023-05-21
3262,Sunny,Pax,Bree,Bella,L,2023-05-21
3285,Enola,Alfie,Maggie,Hector,L,2023-05-21
3287,Enola,Alfie,Maggie,Hector,L,2023-05-21
3289,Enola,Alfie,Maggie,Hector,W,2023-05-21
3291,Enola,Alfie,Maggie,Hector,L,2023-05-21
3335,Enola,Alfie,Maggie,Tyna,L,2023-05-21
3337,Enola,Alfie,Maggie,Tyna,W,2023-05-21
3339,Enola,Alfie,Maggie,Tyna,W,2023-05-21
3341,Enola,Alfie,Maggie,Tyna,W,2023-05-21
3359,Fleur,Falco,Mason,,,2023-05-21
3361,Fleur,Falco,,,,2023-05-21
3363,Falco,Fleur,Mason,Kesha,L,2023-05-21
3365,Falco,Fleur,Mason,Kesha,W,2023-05-21
3367,Falco,Fleur,Mason,Kesha,L,2023-05-21
3369,Falco,Fleur,Mason,Kesha,L,2023-05-21
3389,Sunny,Pax,Bree,Bella,L,2023-05-21
3391,Sunny,Pax,Bree,Bella,W,2023-05-21
3393,Sunny,Pax,Bree,Bella,L,2023-05-21
3395,Sunny,Pax,Bree,Bella,L,2023-05-21
3407,Enola,Alfie,Maggie,Tyna,W,2023-05-21
3409,Enola,Alfie,Maggie,Tyna,W,2023-05-21
3411,Enola,Alfie,Maggie,Tyna,L,2023-05-21
3413,Enola,Alfie,Maggie,Tyna,W,2023-05-21
3445,Enola,Alfie,Maggie,Tyna,L,2023-05-21
3447,Enola,Alfie,Maggie,Tyna,L,2023-05-21
3449,Enola,Alfie,Maggie,Tyna,L,2023-05-21
4075,Jasper,Gordon,Bailey,Punk,L,2023-06-24
4077,Jasper,Gordon,Bailey,Punk,L,2023-06-24
4079,Jasper,Gordon,Bailey,Punk,L,2023-06-24
4081,Scotty,Bruno,Rocky,Negro,W,2023-06-24
4083,Scotty,Bruno,Rocky,Negro,L,2023-06-24
4085,Scotty,Bruno,Rocky,Negro,W,2023-06-24
4087,Brix,Mason,Bella,Ted,L,2023-06-24
4089,Brix,Mason,Bella,Ted,W,2023-06-24
4091,Brix,Mason,Bella,Ted,L,2023-06-24
4092,Nina,Fleur,Gerry,Alex,L,2023-06-24
4094,Nina,Fleur,Gerry,Alex,W,2023-06-24
4096,Nina,Fleur,Gerry,Alex,W,2023-06-24
4099,Jessie,Bree,Bonnie,Brooke,W,2023-06-24
4101,Brooke,Bree,Bonnie,Maggie,L,2023-06-24
4103,Brooke,Bree,Bonnie,Maggie,,2023-06-24
4105,Brooke,Bree,Bonnie,Maggie,L,2023-06-24
4107,Sunny,Pax,Dixie,Hector,L,2023-06-24
4109,Sunny,Pax,Dixie,Hector,L,2023-06-24
4111,Sunny,Pax,Dixie,Hector,L,2023-06-24
4112,Dexter,Dusty,Gordon,Punk,W,2023-06-24
4114,Dexter,Dusty,Gordon,Punk,L,2023-06-24
4116,Dexter,Dusty,Gordon,Punk,L,2023-06-24
4118,Scotty,Bruno,Negro,Speedy,W,2023-06-24
4120,Scotty,Bruno,Negro,Speedy,W,2023-06-24
4122,Scotty,Bruno,Negro,Speedy,L,2023-06-24
4124,Brix,Hank,Bella,Abby,W,2023-06-24
4126,Brix,Hank,Bella,Abby,L,2023-06-24
4128,Brix,Hank,Bella,Abby,W,2023-06-24
4136,Bree,Bonnie,Maggie,Ashley,W,2023-06-24
4137,Falco,Enola,Moon,Cookies,L,2023-06-24
4138,Bree,Bonnie,Maggie,Ashley,W,2023-06-24
4139,Falco,Enola,Moon,Cookies,L,2023-06-24
4140,Bree,Bonnie,Maggie,Ashley,L,2023-06-24
4141,Falco,Enola,Moon,Cookies,W,2023-06-24
4142,Sunny,Pax,Dixie,Sirius,L,2023-06-24
4144,Sunny,Pax,Dixie,Sirius,L,2023-06-24
4146,Sunny,Pax,Dixie,Sirius,L,2023-06-24
4154,Dexter,Jasper,Gordon,Bailey,L,2023-06-24
4155,Rocky,Bruno,Negro,Speedy,W,2023-06-24
4156,Dexter,Jasper,Gordon,Bailey,W,2023-06-24
4157,Rocky,Bruno,Negro,Speedy,L,2023-06-24
4158,Dexter,Jasper,Gordon,Bailey,W,2023-06-24
4159,Rocky,Bruno,Negro,Speedy,L,2023-06-24
4161,Nina,Fleur,Sara,Alex,W,2023-06-24
4163,Nina,Fleur,Sara,Alex,W,2023-06-24
4165,Nina,Fleur,Sara,Alex,W,2023-06-24
4166,Hank,Bella,Ted,Abby,W,2023-06-24
4168,Hank,Bella,Ted,Abby,L,2023-06-24
4170,Hank,Bella,Ted,Abby,L,2023-06-24
4172,Enola,Moon,Kesha,Cookies,W,2023-06-24
4174,Enola,Moon,Kesha,Cookies,L,2023-06-24
4176,Enola,Moon,Kesha,Cookies,W,2023-06-24
4178,Brooke,Bonnie,Maggie,Ashley,L,2023-06-24
4179,Sunny,Pax,Dixie,Hector,W,2023-06-24
4180,Brooke,Bonnie,Maggie,Ashley,L,2023-06-24
4181,Sunny,Pax,Dixie,Hector,W,2023-06-24
4182,Brooke,Bonnie,Maggie,Ashley,L,2023-06-24
4183,Sunny,Pax,Dixie,Hector,W,2023-06-24
4191,Dexter,Dusty,Gordon,Bailey,L,2023-06-24
4193,Dexter,Dusty,Gordon,Bailey,L,2023-06-24
4195,Dexter,Dusty,Gordon,Bailey,L,2023-06-24
4202,Nina,Sara,Gerry,Alex,L,2023-06-24
4203,Brix,Mason,Bella,Ted,W,2023-06-24
4204,Nina,Sara,Gerry,Alex,W,2023-06-24
4205,Brix,Mason,Bella,Ted,L,2023-06-24
4206,Nina,Sara,Gerry,Alex,W,2023-06-24
4207,Brix,Mason,Bella,Ted,L,2023-06-24
4208,Enola,Moon,Alfie,Cookies,L,2023-06-24
4210,Enola,Moon,Alfie,Cookies,L,2023-06-24
4212,Enola,Moon,Alfie,Cookies,L,2023-06-24
4215,Bonnie,Bree,Maggie,Ashley,L,2023-06-24
4217,Bonnie,Bree,Maggie,Ashley,W,2023-06-24
4219,Bonnie,Bree,Maggie,Ashley,W,2023-06-24
4220,Scotty,Rocky,Bruno,Speedy,W,2023-06-24
4222,Scotty,Bruno,Rocky,Speedy,W,2023-06-24
4224,Scotty,Bruno,Rocky,Speedy,W,2023-06-24
4241,Fleur,Sara,Gerry,Alex,W,2023-06-24
4243,Fleur,Sara,Gerry,Alex,W,2023-06-24
4245,Fleur,Sara,Gerry,Alex,L,2023-06-24
4246,Sunny,Dixie,Sirius,Hector,W,2023-06-24
4247,Falco,Enola,Kesha,Cookies,L,2023-06-24
4248,Sunny,Dixie,Sirius,Hector,W,2023-06-24
4249,Falco,Enola,Kesha,Cookies,L,2023-06-24
4250,Sunny,Dixie,Sirius,Hector,L,2023-06-24
4251,Falco,Enola,Kesha,Cookies,W,2023-06-24
4259,Dexter,Jasper,Gordon,Bailey,L,2023-06-25
4261,Dexter,Jasper,Gordon,Bailey,L,2023-06-25
4263,Dexter,Jasper,Gordon,Bailey,W,2023-06-25
4265,Dexter,Jasper,Gordon,Bailey,W,2023-06-25
4267,Dexter,Jasper,Gordon,Bailey,W,2023-06-25
4268,Scotty,Bruno,Negro,Speedy,W,2023-06-25
4270,Scotty,Bruno,Negro,Speedy,W,2023-06-25
4272,Scotty,Bruno,Negro,Speedy,L,2023-06-25
4274,Scotty,Bruno,Negro,Speedy,L,2023-06-25
4276,Scotty,Bruno,Negro,Speedy,L,2023-06-25
4278,Brix,Mason,Bella,Abby,W,2023-06-25
4280,Brix,Mason,Bella,Abby,L,2023-06-25
4282,Brix,Mason,Bella,Abby,L,2023-06-25
4284,Brix,Mason,Bella,Abby,W,2023-06-25
4286,Brix,Mason,Bella,Abby,W,2023-06-25
4294,Bree,Bonnie,Maggie,Ashley,W,2023-06-25
4295,Falco,Enola,Moon,Alfie,L,2023-06-25
4296,Bree,Bonnie,Maggie,Ashley,W,2023-06-25
4297,Falco,Enola,Moon,Alfie,L,2023-06-25
4298,Bree,Bonnie,Maggie,Ashley,W,2023-06-25
4299,Falco,Enola,Moon,Alfie,L,2023-06-25
4300,Sunny,Pax,Dixie,Sirius,L,2023-06-25
4302,Sunny,Pax,Dixie,Hector,L,2023-06-25
4304,Sunny,Pax,Dixie,Hector,L,2023-06-25
4307,Dexter,Dusty,Gordon,Bailey,W,2023-06-25
4309,Dexter,Dusty,Gordon,Bailey,L,2023-06-25
4311,Dexter,Dusty,Gordon,Bailey,L,2023-06-25
4313,Dexter,Dusty,Gordon,Bailey,L,2023-06-25
4314,Scotty,Bruno,Rocky,Speedy,W,2023-06-25
4316,Scotty,Bruno,Rocky,Speedy,W,2023-06-25
4318,Scotty,Bruno,Rocky,Speedy,L,2023-06-25
4320,Scotty,Bruno,Rocky,Speedy,L,2023-06-25
4322,Scotty,Bruno,Negro,Speedy,W,2023-06-25
4324,Nina,Fleur,Gerry,Alex,W,2023-06-25
4325,Brix,Hank,Bella,Abby,L,2023-06-25
4326,Nina,Fleur,Gerry,Alex,W,2023-06-25
4327,Brix,Hank,Bella,Abby,L,2023-06-25
4328,Nina,Fleur,Gerry,Alex,W,2023-06-25
4329,Brix,Hank,Bella,Abby,L,2023-06-25
4337,Bree,Bonnie,Maggie,Ashley,L,2023-06-25
4339,Bree,Bonnie,Maggie,Ashley,W,2023-06-25
4341,Bree,Bonnie,Maggie,Ashley,L,2023-06-25
4343,Bree,Bonnie,Maggie,Ashley,L,2023-06-25
4344,Sunny,Pax,Hector,Sirius,L,2023-06-25
4345,Enola,Moon,Alfie,Kesha,W,2023-06-25
4346,Sunny,Pax,Hector,Sirius,L,2023-06-25
4347,Enola,Moon,Alfie,Kesha,W,2023-06-25
4348,Sunny,Pax,Hector,Sirius,L,2023-06-25
4349,Enola,Moon,Alfie,Kesha,W,2023-06-25
4363,Nina,Fleur,Sara,Alex,L,2023-06-25
4365,Nina,Fleur,Sara,Alex,W,2023-06-25
4367,Nina,Fleur,Sara,Alex,W,2023-06-25
4369,Nina,Fleur,Sara,Alex,L,2023-06-25
4371,Nina,Fleur,Sara,Alex,L,2023-06-25
4383,Dexter,Jasper,Gordon,Bailey,L,2023-06-25
4384,Scotty,Bruno,Rocky,Speedy,W,2023-06-25
4385,Dexter,Jasper,Gordon,Bailey,L,2023-06-25
4386,Scotty,Bruno,Rocky,Speedy,W,2023-06-25
4387,Dexter,Jasper,Gordon,Bailey,L,2023-06-25
4388,Scotty,Bruno,Rocky,Speedy,W,2023-06-25
4389,Brix,Hank,Bella,Abby,W,2023-06-25
4391,Brix,Hank,Bella,Abby,L,2023-06-25
4393,Brix,Hank,Bella,Abby,L,2023-06-25
4395,Brix,Hank,Bella,Abby,W,2023-06-25
4397,Brix,Hank,Bella,Abby,W,2023-06-25
4399,Bree,Bonnie,Maggie,Ashley,L,2023-06-25
4400,Enola,Moon,Alfie,Falco,W,2023-06-25
4401,Bree,Bonnie,Maggie,Ashley,W,2023-06-25
4402,Enola,Moon,Alfie,Falco,L,2023-06-25
4403,Bree,Bonnie,Maggie,Ashley,L,2023-06-25
4404,Enola,Moon,Alfie,Falco,W,2023-06-25
4405,Bree,Bonnie,Maggie,Ashley,W,2023-06-25
4406,Enola,Moon,Alfie,Falco,L,2023-06-25
4407,Bree,Bonnie,Maggie,Ashley,L,2023-06-25
4408,Enola,Moon,Alfie,Falco,W,2023-06-25
4409,Scotty,Bruno,Negro,Speedy,L,2023-06-25
4411,Scotty,Bruno,Negro,Speedy,W,2023-06-25
4413,Scotty,Bruno,Negro,Speedy,L,2023-06-25
4415,Scotty,Bruno,Negro,Speedy,W,2023-06-25
4417,Scotty,Bruno,Rocky,Speedy,L,2023-06-25
4419,Brix,Hank,Bella,Abby,W,2023-06-25
4420,Nina,Sara,Gerry,Alex,L,2023-06-25
4421,Brix,Hank,Bella,Abby,L,2023-06-25
4422,Nina,Sara,Gerry,Alex,W,2023-06-25
4423,Brix,Hank,Bella,Abby,L,2023-06-25
4424,Fleur,Sara,Gerry,Alex,W,2023-06-25
4425,Brix,Hank,Bella,Abby,L,2023-06-25
4426,Fleur,Sara,Gerry,Alex,W,2023-06-25
4427,Enola,Moon,Alfie,Falco,L,2023-06-25
4429,Falco,Enola,Moon,Alfie,L,2023-06-25
4431,Falco,Enola,Moon,Alfie,W,2023-06-25
4433,Falco,Enola,Moon,Alfie,L,2023-06-25
4441,Nina,Sara,Gerry,Alex,L,2023-06-25
4443,Nina,Sara,Gerry,Alex,W,2023-06-25
4445,Nina,Sara,Gerry,Alex,W,2023-06-25
4447,Nina,Sara,Gerry,Alex,W,2023-06-25
4458,Nina,Sara,Gerry,Alex,W,2023-06-25
4460,Nina,Sara,Gerry,Alex,W,2023-06-25
4462,Nina,Sara,Gerry,Alex,W,2023-06-25
4496,Jessie,Gordon,Jasper,Rex,L,2023-07-01
4498,Jessie,Gordon,Jasper,Rex,L,2023-07-01
4500,Jasper,Gordon,Rex,Abby,W,2023-07-01
4502,Jasper,Gordon,Rex,Abby,W,2023-07-01
4527,Hank,Alex,Mason,Abby,L,2023-07-01
4529,Hank,Alex,Mason,Abby,L,2023-07-01
4531,Hank,Alex,Mason,Abby,L,2023-07-01
4533,Hank,Alex,Mason,Abby,W,2023-07-01
4535,Brooke,Bree,Bella,Ashley,L,2023-07-01
4537,Brooke,Bree,Bella,Ashley,L,2023-07-01
4539,Dexter,Bree,Bella,Ashley,L,2023-07-01
4541,Dexter,Bree,Bella,Ashley,L,2023-07-01
4552,Cookies,Nina,Bonnie,Hector,L,2023-07-01
4554,Cookies,Nina,Bonnie,Hector,L,2023-07-01
4556,Cookies,Nina,Bonnie,Hector,L,2023-07-01
4564,Sunny,Dixie,Maggie,Tyna,L,2023-07-01
4566,Sunny,Dixie,Maggie,Tyna,L,2023-07-01
4568,Sunny,Dixie,Maggie,Tyna,L,2023-07-01
4591,Jasper,Gordon,Rex,Abby,L,2023-07-01
4593,Jasper,Gordon,Rex,Abby,W,2023-07-01
4595,Rex,Gordon,Dusty,Abby,L,2023-07-01
4597,Rex,Gordon,Dusty,Abby,L,2023-07-01
4616,Hank,Mason,Abby,Kesha,L,2023-07-01
4618,Hank,Mason,Abby,Kesha,W,2023-07-01
4620,Hank,Mason,Abby,Kesha,W,2023-07-01
4622,Hank,Mason,Abby,Kesha,L,2023-07-01
4631,Enola,Moon,Pax,Alfie,L,2023-07-01
4633,Enola,Moon,Pax,Alfie,L,2023-07-01
4635,Enola,Moon,Pax,Alfie,W,2023-07-01
4637,Enola,Moon,Pax,Alfie,L,2023-07-01
4647,Nina,Bonnie,Hector,Cookies,L,2023-07-01
4649,Nina,Bonnie,Hector,Cookies,L,2023-07-01
4651,Nina,Bonnie,Hector,Cookies,L,2023-07-01
4659,Sunny,Dixie,Maggie,Sirius,W,2023-07-01
4661,Sunny,Dixie,Maggie,Sirius,L,2023-07-01
4663,Sunny,Dixie,Maggie,Sirius,L,2023-07-01
4682,Jessie,Gordon,Jasper,Abby,L,2023-07-01
4684,Jessie,Gordon,Jasper,Abby,W,2023-07-01
4686,Rex,Gordon,Dusty,Abby,L,2023-07-01
4688,Rex,Gordon,Dusty,Abby,L,2023-07-01
4698,Brooke,Dexter,Bree,Bella,L,2023-07-01
4700,Brooke,Dexter,Bree,Bella,L,2023-07-01
4702,Brooke,Dexter,Bree,Bella,L,2023-07-01
4704,Brooke,Dexter,Bree,Bella,W,2023-07-01
4714,Enola,Moon,Pax,Alfie,L,2023-07-01
4716,Enola,Moon,Pax,Alfie,L,2023-07-01
4718,Enola,Moon,Pax,Alfie,W,2023-07-01
4720,Enola,Moon,Pax,Alfie,L,2023-07-01
4737,Cookies,Nina,Bonnie,Hector,W,2023-07-01
4739,Cookies,Nina,Bonnie,Hector,L,2023-07-01
4741,Cookies,Nina,Bonnie,Hector,L,2023-07-01
4749,Dixie,Maggie,Sirius,Tyna,L,2023-07-01
4751,Dixie,Maggie,Sirius,Tyna,W,2023-07-01
4753,Dixie,Maggie,Sirius,Tyna,L,2023-07-01
4778,Hank,Mason,Abby,Kesha,L,2023-07-01
4780,Hank,Mason,Abby,Kesha,W,2023-07-01
4782,Hank,Mason,Abby,Kesha,L,2023-07-01
4784,Hank,Mason,Abby,Kesha,W,2023-07-01
4794,Brooke,Dexter,Bree,Ashley,W,2023-07-01
4796,Brooke,Dexter,Bree,Ashley,L,2023-07-01
4798,Dexter,Bree,Bella,Ashley,L,2023-07-01
4800,Dexter,Bree,Bella,Ashley,L,2023-07-01
4802,Enola,Moon,Pax,Alfie,L,2023-07-01
4804,Enola,Moon,Pax,Alfie,L,2023-07-01
4806,Enola,Moon,Pax,Alfie,W,2023-07-01
4808,Enola,Moon,Pax,Alfie,L,2023-07-01
4826,Cookies,Bonnie,Fleur,Hector,L,2023-07-01
4828,Cookies,Bonnie,Fleur,Hector,L,2023-07-01
4830,Cookies,Bonnie,Fleur,Hector,L,2023-07-01
4838,Sunny,Dixie,Maggie,Sirius,W,2023-07-01
4840,Sunny,Dixie,Maggie,Sirius,L,2023-07-01
4842,Sunny,Dixie,Maggie,Sirius,L,2023-07-01
4859,Rex,Gordon,Jasper,Abby,L,2023-07-02
4861,Rex,Gordon,Jasper,Abby,L,2023-07-02
4863,Rex,Gordon,Jasper,Abby,W,2023-07-02
4865,Rex,Gordon,Jasper,Abby,L,2023-07-02
4867,Alex,Mason,Abby,Kesha,W,2023-07-02
4869,Alex,Mason,Abby,Kesha,L,2023-07-02
4871,Alex,Mason,Abby,Kesha,L,2023-07-02
4873,Alex,Hank,Abby,Kesha,L,2023-07-02
4884,Nina,Bonnie,Hector,Fleur,L,2023-07-02
4886,Nina,Bonnie,Hector,Fleur,W,2023-07-02
4888,Nina,Bonnie,Hector,Fleur,W,2023-07-02
4890,Nina,Bonnie,Hector,Fleur,W,2023-07-02
4902,Sunny,Dixie,Maggie,Tyna,W,2023-07-02
4904,Sunny,Dixie,Maggie,Tyna,W,2023-07-02
4906,Sunny,Dixie,Maggie,Tyna,W,2023-07-02
4917,Enola,Moon,Pax,Alfie,W,2023-07-02
4919,Enola,Moon,Pax,Alfie,W,2023-07-02
4921,Enola,Moon,Pax,Alfie,W,2023-07-02
4939,Brooke,Dexter,Bree,Ashley,W,2023-07-02
4941,Brooke,Dexter,Bree,Ashley,W,2023-07-02
4943,Brooke,Dexter,Bree,Ashley,W,2023-07-02
4980,Nina,Bonnie,Hector,Fleur,W,2023-07-02
4982,Nina,Bonnie,Hector,Fleur,W,2023-07-02
4984,Nina,Bonnie,Hector,Fleur,W,2023-07-02
4994,Sunny,Dixie,Maggie,Tyna,W,2023-07-02
4996,Sunny,Dixie,Maggie,Tyna,W,2023-07-02
4998,Sunny,Dixie,Maggie,Tyna,W,2023-07-02
5009,Enola,Moon,Pax,Alfie,L,2023-07-02
5011,Enola,Moon,Pax,Alfie,L,2023-07-02
5013,Enola,Moon,Pax,Alfie,W,2023-07-02
5015,Enola,Moon,Pax,Alfie,L,2023-07-02
5027,Brooke,Dexter,Bree,Ashley,W,2023-07-02
5029,Brooke,Dexter,Bree,Ashley,L,2023-07-02
5031,Brooke,Dexter,Bree,Ashley,W,2023-07-02
5033,Brooke,Dexter,Bree,Ashley,L,2023-07-02
5035,Brooke,Dexter,Bree,Ashley,W,2023-07-02
5044,Jessie,Gordon,Dusty,Abby,W,2023-07-02
5046,Jessie,Gordon,Dusty,Abby,L,2023-07-02
5048,Jessie,Gordon,Dusty,Abby,L,2023-07-02
5050,Rex,Gordon,Dusty,Abby,L,2023-07-02
5066,Alex,Hank,Mason,Abby,W,2023-07-02
5068,Alex,Hank,Mason,Abby,W,2023-07-02
5070,Alex,Hank,Mason,Abby,W,2023-07-02
5071,Nina,Bonnie,Hector,Fleur,W,2023-07-02
5073,Nina,Bonnie,Hector,Fleur,W,2023-07-02
5075,Nina,Bonnie,Hector,Fleur,W,2023-07-02
5077,Sunny,Dixie,Maggie,Tyna,W,2023-07-02
5079,Sunny,Dixie,Maggie,Tyna,L,2023-07-02
5081,Sunny,Dixie,Maggie,Tyna,W,2023-07-02
5083,Sunny,Dixie,Maggie,Tyna,W,2023-07-02
5085,Enola,Moon,Pax,Alfie,W,2023-07-02
5087,Enola,Moon,Pax,Alfie,L,2023-07-02
5089,Enola,Moon,Pax,Alfie,W,2023-07-02
5091,Enola,Moon,Pax,Alfie,L,2023-07-02
5093,Enola,Moon,Pax,Alfie,L,2023-07-02
5137,Alex,Hank,Mason,Abby,L,2023-07-02
5139,Alex,Hank,Mason,Abby,L,2023-07-02
5141,Alex,Hank,Mason,Abby,W,2023-07-02
5143,Alex,Hank,Mason,Abby,L,2023-07-02
5236,Nina,Bonnie,Hector,Fleur,W,2023-07-02
5238,Nina,Bonnie,Hector,Fleur,L,2023-07-02
5240,Nina,Bonnie,Hector,Fleur,L,2023-07-02
5242,Nina,Bonnie,Hector,Fleur,W,2023-07-02
5244,Nina,Bonnie,Hector,Fleur,W,2023-07-02
5246,Brooke,Bella,Bree,Ashley,W,2023-07-02
5248,Brooke,Bella,Bree,Ashley,L,2023-07-02
5250,Brooke,Bella,Bree,Ashley,L,2023-07-02
5252,Brooke,Bella,Bree,Ashley,W,2023-07-02
5254,Brooke,Bella,Bree,Ashley,L,2023-07-02
5256,Sunny,Dixie,Maggie,Tyna,W,2023-07-02
5258,Sunny,Dixie,Maggie,Tyna,W,2023-07-02
5260,Sunny,Dixie,Maggie,Tyna,W,2023-07-02
5277,Brooke,Bella,Bree,Ashley,L,2023-07-02
5279,Brooke,Bella,Bree,Ashley,L,2023-07-02
5281,Brooke,Dexter,Bree,Bella,W,2023-07-02
5283,Brooke,Dexter,Bree,Bella,W,2023-07-02
5285,Brooke,Dexter,Bree,Bella,L,2023-07-02
5325,Pax,Dixie,Falco,Kesha,W,2023-07-15
5327,Pax,Dixie,Falco,Kesha,W,2023-07-15
5329,Pax,Dixie,Falco,Kesha,W,2023-07-15
5344,Rex,Gordon,Hank,Bailey,L,2023-07-15
5346,Rex,Gordon,Hank,Bailey,L,2023-07-15
5348,Gordon,Hank,Gerry,Bailey,L,2023-07-15
5350,Gordon,Hank,Gerry,Bailey,L,2023-07-15
5369,Brooke,Bree,Maggie,Bella,W,2023-07-15
5371,Brooke,Bree,Maggie,Bella,L,2023-07-15
5373,Brooke,Bree,Maggie,Bella,W,2023-07-15
5375,Brooke,Bree,Maggie,Bella,L,2023-07-15
5404,Pax,Dixie,Alfie,Mason,W,2023-07-15
5406,Pax,Dixie,Alfie,Mason,L,2023-07-15
5408,Pax,Dixie,Alfie,Mason,W,2023-07-15
5415,Rex,Gordon,Hank,Gerry,L,2023-07-15
5417,Rex,Gordon,Hank,Gerry,L,2023-07-15
5419,Rex,Gordon,Gerry,Bailey,L,2023-07-15
5421,Rex,Gordon,Gerry,Bailey,L,2023-07-15
5457,Brooke,Maggie,Tyna,Bella,W,2023-07-15
5459,Brooke,Maggie,Tyna,Bella,L,2023-07-15
5461,Brooke,Maggie,Tyna,Bella,L,2023-07-15
5463,Brooke,Maggie,Tyna,Bella,L,2023-07-15
5501,Pax,Dixie,Falco,Alfie,L,2023-07-15
5503,Pax,Dixie,Falco,Alfie,L,2023-07-15
5505,Pax,Dixie,Falco,Alfie,W,2023-07-15
5514,Rex,Hank,Gerry,Bailey,L,2023-07-15
5516,Rex,Hank,Gerry,Bailey,L,2023-07-15
5518,Gordon,Hank,Gerry,Bailey,W,2023-07-15
5520,Gordon,Hank,Gerry,Bailey,L,2023-07-15
5545,Pax,Dixie,Falco,Alfie,W,2023-07-15
5547,Pax,Dixie,Alfie,Mason,W,2023-07-15
5549,Pax,Dixie,Alfie,Mason,L,2023-07-15
5572,Bree,Maggie,Tyna,Bella,W,2023-07-15
5573,Bree,Maggie,Tyna,Bella,W,2023-07-15
5574,Bree,Maggie,Tyna,Bella,W,2023-07-15
5575,Bree,Maggie,Tyna,Bella,W,2023-07-15
5632,Falco,Dixie,Pax,Alfie,L,2023-07-16
5634,Pax,Dixie,Falco,Alfie,W,2023-07-16
5636,Pax,Dixie,Falco,Alfie,L,2023-07-16
5638,Pax,Dixie,Falco,Alfie,L,2023-07-16
5645,Brooke,Bree,Maggie,Tyna,L,2023-07-16
5647,Brooke,Bree,Maggie,Tyna,L,2023-07-16
5649,Brooke,Bree,Maggie,Tyna,L,2023-07-16
5671,Rex,Hank,Gerry,Bailey,L,2023-07-16
5673,Rex,Hank,Gerry,Bailey,L,2023-07-16
5675,Rex,Hank,Gerry,Bailey,L,2023-07-16
5730,Pax,Dixie,Alfie,Mason,W,2023-07-16
5732,Pax,Dixie,Alfie,Mason,W,2023-07-16
5734,Pax,Dixie,Alfie,Mason,W,2023-07-16
5736,Brooke,Bree,Maggie,Tyna,W,2023-07-16
5738,Brooke,Bree,Maggie,Tyna,L,2023-07-16
5740,Brooke,Bree,Maggie,Tyna,L,2023-07-16
5742,Brooke,Bree,Maggie,Tyna,W,2023-07-16
5744,Brooke,Bree,Maggie,Tyna,W,2023-07-16
5778,Rex,Hank,Gerry,Bailey,W,2023-07-16
5780,Rex,Hank,Gerry,Bailey,W,2023-07-16
5782,Rex,Hank,Gerry,Bailey,W,2023-07-16
5808,Pax,Dixie,Alfie,Mason,W,2023-07-16
5810,Pax,Dixie,Alfie,Mason,W,2023-07-16
5812,Pax,Dixie,Alfie,Mason,W,2023-07-16
5822,Brooke,Bree,Maggie,Tyna,L,2023-07-16
5824,Brooke,Bree,Maggie,Tyna,L,2023-07-16
5826,Brooke,Bree,Maggie,Tyna,W,2023-07-16
5828,Brooke,Bree,Maggie,Tyna,L,2023-07-16
5829,Rex,Hank,Gerry,Bailey,L,2023-07-16
5831,Rex,Hank,Gerry,Bailey,L,2023-07-16
5833,Rex,Hank,Gerry,Bailey,L,2023-07-16
5858,Falco,Pax,Alfie,Mason,W,2023-07-16
5860,Falco,Pax,Alfie,Mason,W,2023-07-16
5862,Falco,Pax,Alfie,Mason,W,2023-07-16
5889,Pax,Dixie,Falco,Alfie,W,2023-07-16
5891,Pax,Dixie,Falco,Alfie,L,2023-07-16
5893,Pax,Dixie,Falco,Alfie,L,2023-07-16
5895,Pax,Dixie,Falco,Alfie,W,2023-07-16
5897,Pax,Dixie,Falco,Alfie,L,2023-07-16
5956,Easy,Fleur,Hank,Mason,L,2023-09-02
5958,Easy,Fleur,Hank,Mason,L,2023-09-02
5960,Fleur,Hank,Mason,Bailey,L,2023-09-02
5962,Nina,Gerry,Milo,Hector,W,2023-09-02
5964,Nina,Gerry,Milo,Hector,L,2023-09-02
5966,Nina,Gerry,Milo,Hector,W,2023-09-02
5992,Cookies,Enola,Maggie,Alfie,W,2023-09-02
5994,Cookies,Enola,Maggie,Alfie,W,2023-09-02
5996,Cookies,Enola,Maggie,Alfie,L,2023-09-02
6004,Easy,Fleur,Hank,Bailey,L,2023-09-02
6006,Easy,Fleur,Hank,Bailey,L,2023-09-02
6008,Easy,Fleur,Hank,Bailey,L,2023-09-02
6010,Nina,Falco,Gerry,Hector,L,2023-09-02
6012,Nina,Falco,Gerry,Hector,L,2023-09-02
6014,Nina,Falco,Gerry,Hector,L,2023-09-02
6017,Sunny,Alex,Tyna,Dixie,W,2023-09-02
6019,Sunny,Alex,Tyna,Dixie,W,2023-09-02
6021,Sunny,Alex,Tyna,Dixie,W,2023-09-02
6029,Brooke,Bree,Bella,Ashley,W,2023-09-02
6031,Brooke,Bree,Bella,Ashley,L,2023-09-02
6033,Brooke,Bree,Bella,Ashley,L,2023-09-02
6047,Enola,Moon,Maggie,Alfie,L,2023-09-02
6049,Enola,Moon,Maggie,Alfie,W,2023-09-02
6051,Enola,Moon,Maggie,Alfie,L,2023-09-02
6058,Hank,Mason,Bailey,Kesha,L,2023-09-02
6059,Nina,Falco,Milo,Hector,W,2023-09-02
6060,Hank,Mason,Bailey,Kesha,L,2023-09-02
6061,Nina,Falco,Milo,Hector,W,2023-09-02
6062,Hank,Mason,Bailey,Kesha,L,2023-09-02
6063,Nina,Falco,Milo,Hector,W,2023-09-02
6064,Sunny,Alex,Dixie,Sirius,L,2023-09-02
6066,Sunny,Alex,Dixie,Sirius,L,2023-09-02
6068,Sunny,Alex,Dixie,Sirius,W,2023-09-02
6076,Brooke,Bree,Sara,Bella,L,2023-09-02
6078,Brooke,Bree,Sara,Bella,L,2023-09-02
6080,Brooke,Bree,Sara,Bella,L,2023-09-02
6107,Fleur,Mason,Bailey,Kesha,L,2023-09-02
6109,Fleur,Mason,Bailey,Kesha,L,2023-09-02
6111,Fleur,Mason,Bailey,Kesha,L,2023-09-02
6112,Sunny,Alex,Tyna,Dixie,L,2023-09-02
6114,Sunny,Alex,Tyna,Dixie,L,2023-09-02
6116,Sunny,Alex,Tyna,Dixie,W,2023-09-02
6124,Bree,Sara,Bella,Ashley,L,2023-09-02
6126,Bree,Sara,Bella,Ashley,L,2023-09-02
6128,Bree,Sara,Bella,Ashley,W,2023-09-02
6137,Enola,Moon,Maggie,Alfie,W,2023-09-02
6139,Enola,Moon,Maggie,Alfie,W,2023-09-02
6141,Enola,Moon,Maggie,Alfie,W,2023-09-02
6148,Nina,Falco,Gerry,Hector,L,2023-09-02
6150,Nina,Falco,Gerry,Hector,L,2023-09-02
6152,Nina,Falco,Gerry,Hector,W,2023-09-02
6161,Sunny,Alex,Tyna,Dixie,W,2023-09-02
6163,Sunny,Alex,Tyna,Dixie,W,2023-09-02
6165,Sunny,Tyna,Dixie,Sirius,W,2023-09-02
6173,Brooke,Bree,Sara,,L,2023-09-02
6175,Brooke,Bree,Sara,Ashley,L,2023-09-02
6177,Brooke,Bree,Sara,Ashley,L,2023-09-02
6190,Cookies,Enola,Moon,Alfie,L,2023-09-02
6192,Cookies,Enola,Moon,Alfie,W,2023-09-02
6194,Cookies,Enola,Moon,Alfie,L,2023-09-02
6196,Sunny,Alex,Tyna,Dixie,L,2023-09-03
6198,Sunny,Alex,Tyna,Dixie,L,2023-09-03
6200,Sunny,Alex,Tyna,Dixie,L,2023-09-03
6209,Enola,Moon,Maggie,Alfie,L,2023-09-03
6211,Enola,Moon,Maggie,Alfie,W,2023-09-03
6213,Enola,Moon,Maggie,Alfie,L,2023-09-03
6215,Enola,Moon,Maggie,Alfie,W,2023-09-03
6217,Enola,Moon,Maggie,Alfie,W,2023-09-03
6226,Easy,Fleur,Hank,Mason,W,2023-09-03
6227,Nina,Falco,Hector,Milo,L,2023-09-03
6228,Easy,Fleur,Hank,Mason,L,2023-09-03
6229,Nina,Falco,Hector,Milo,W,2023-09-03
6230,Easy,Fleur,Hank,Mason,W,2023-09-03
6231,Nina,Falco,Hector,Milo,L,2023-09-03
6232,Easy,Fleur,Hank,Mason,W,2023-09-03
6233,Nina,Falco,Hector,Milo,L,2023-09-03
6248,Brooke,Bree,Sara,Ashley,L,2023-09-03
6250,Brooke,Bree,Sara,Ashley,L,2023-09-03
6252,Brooke,Bree,Sara,Ashley,W,2023-09-03
6254,Brooke,Bree,Sara,Ashley,W,2023-09-03
6256,Brooke,Bree,Sara,Ashley,W,2023-09-03
6272,Cookies,Enola,Maggie,Alfie,L,2023-09-03
6274,Cookies,Enola,Moon,Maggie,L,2023-09-03
6276,Cookies,Enola,Moon,Maggie,L,2023-09-03
6289,Nina,Falco,Gerry,Hector,L,2023-09-03
6291,Nina,Falco,Gerry,Hector,L,2023-09-03
6293,Nina,Falco,Gerry,Hector,L,2023-09-03
6305,Easy,Fleur,Hank,Bailey,L,2023-09-03
6307,Easy,Fleur,Hank,Bailey,L,2023-09-03
6309,Easy,Fleur,Hank,Bailey,L,2023-09-03
6310,Brooke,Bree,Sara,Ashley,L,2023-09-03
6312,Brooke,Bree,Sara,Bella,L,2023-09-03
6314,Brooke,Bree,Sara,Bella,L,2023-09-03
6334,Enola,Moon,Maggie,Alfie,W,2023-09-03
6335,Sunny,Alex,Tyna,Dixie,L,2023-09-03
6336,Enola,Moon,Maggie,Alfie,W,2023-09-03
6337,Alex,Tyna,Dixie,Sirius,L,2023-09-03
6338,Enola,Moon,Maggie,Alfie,W,2023-09-03
6339,Alex,Tyna,Dixie,Sirius,L,2023-09-03
6346,Easy,Fleur,Hank,Bailey,L,2023-09-03
6348,Easy,Fleur,Hank,Bailey,W,2023-09-03
6350,Easy,Fleur,Hank,Bailey,L,2023-09-03
6352,Easy,Fleur,Hank,Bailey,L,2023-09-03
6354,Brooke,Bree,Sara,Bella,L,2023-09-03
6356,Brooke,Bree,Sara,Bella,W,2023-09-03
6358,Brooke,Bree,Sara,Bella,W,2023-09-03
6360,Brooke,Bree,Sara,Bella,W,2023-09-03
6387,Enola,Moon,Maggie,Alfie,L,2023-09-03
6389,Enola,Moon,Maggie,Alfie,L,2023-09-03
6391,Enola,Moon,Maggie,Alfie,L,2023-09-03
6403,Brooke,Bree,Sara,Bella,L,2023-09-03
6405,Brooke,Bree,Sara,Bella,L,2023-09-03
6407,Brooke,Bree,Sara,Bella,L,2023-09-03
6477,Nina,Brooke,Bruno,Hector,L,2023-09-16
6479,Nina,Brooke,Bruno,Hector,L,2023-09-16
6481,Nina,Brooke,Bruno,Hector,L,2023-09-16
6513,Rex,Rocky,Scotty,Gordon,W,2023-09-16
6515,Rex,Rocky,Scotty,Gordon,L,2023-09-16
6517,Rex,Rocky,Scotty,Gordon,L,2023-09-16
6536,Easy,Fleur,Hank,Bailey,L,2023-09-16
6538,Easy,Fleur,Hank,Bailey,L,2023-09-16
6540,Easy,Fleur,Hank,Bailey,L,2023-09-16
6542,Nina,Brooke,Bruno,Sirius,W,2023-09-16
6544,Nina,Brooke,Bruno,Sirius,L,2023-09-16
6546,Nina,Brooke,Bruno,Sirius,L,2023-09-16
6561,Cookies,Enola,Maggie,Tyna,W,2023-09-16
6563,Cookies,Enola,Maggie,Tyna,L,2023-09-16
6565,Cookies,Enola,Maggie,Tyna,L,2023-09-16
6584,Rex,Gordon,Dusty,Kent,L,2023-09-16
6586,Rex,Gordon,Dusty,Kent,L,2023-09-16
6588,Rex,Gordon,Dusty,Kent,L,2023-09-16
6602,Easy,Fleur,Hank,,L,2023-09-16
6604,Easy,Fleur,Hank,,W,2023-09-16
6606,Easy,Fleur,Hank,,W,2023-09-16
6614,Nina,Bruno,Sirius,Hector,W,2023-09-16
6616,Nina,Bruno,Sirius,Hector,L,2023-09-16
6618,Nina,Bruno,Sirius,Hector,L,2023-09-16
6625,Cookies,Enola,Maggie,Tyna,W,2023-09-16
6627,Cookies,Enola,Maggie,Tyna,L,2023-09-16
6629,Cookies,Enola,Maggie,Tyna,L,2023-09-16
6644,Kent,Scotty,Dusty,Gordon,L,2023-09-16
6646,Kent,Scotty,Dusty,Gordon,L,2023-09-16
6648,Kent,Scotty,Dusty,Gordon,L,2023-09-16
6667,Easy,Hank,Bailey,,L,2023-09-16
6669,Easy,Hank,Bailey,,L,2023-09-16
6671,Easy,Hank,Bailey,,L,2023-09-16
6684,Nina,Brooke,Sirius,Hector,L,2023-09-16
6686,Nina,Brooke,Sirius,Hector,W,2023-09-16
6688,Nina,Brooke,Sirius,Hector,W,2023-09-16
6690,Enola,Maggie,Tyna,Alfie,L,2023-09-16
6692,Enola,Maggie,Tyna,Alfie,W,2023-09-16
6694,Enola,Maggie,Tyna,Alfie,L,2023-09-16
6702,Kent,Rex,Rocky,Scotty,L,2023-09-16
6704,Kent,Rex,Rocky,Scotty,W,2023-09-16
6706,Kent,Rex,Rocky,Scotty,W,2023-09-16
6735,Easy,Fleur,,,,2023-09-16
6738,Easy,Fleur,,Bailey,L,2023-09-16
6740,Easy,Fleur,,Bailey,L,2023-09-16
6755,Cookies,Enola,Maggie,Alfie,L,2023-09-16
6757,Cookies,Enola,Maggie,Alfie,L,2023-09-16
6759,Cookies,Enola,Maggie,Alfie,L,2023-09-16
6766,Rex,Rocky,Scotty,Gordon,L,2023-09-17
6768,Rex,Rocky,Scotty,Gordon,W,2023-09-17
6770,Rex,Rocky,Scotty,Gordon,L,2023-09-17
6772,Rex,Rocky,Scotty,Gordon,L,2023-09-17
6815,Enola,Maggie,Alfie,Tyna,L,2023-09-17
6817,Enola,Maggie,Alfie,Tyna,L,2023-09-17
6819,Enola,Maggie,Alfie,Tyna,W,2023-09-17
6821,Enola,Maggie,Alfie,Tyna,,2023-09-17
6823,Enola,Maggie,Alfie,Tyna,L,2023-09-17
6856,Easy,Fleur,Hank,Bailey,W,2023-09-17
6858,Easy,Fleur,Hank,Bailey,W,2023-09-17
6860,Easy,Fleur,Hank,Bailey,W,2023-09-17
6863,Nina,Brooke,Sirius,Hector,W,2023-09-17
6865,Nina,Brooke,Sirius,Hector,W,2023-09-17
6867,Nina,Brooke,Sirius,Hector,L,2023-09-17
6869,Nina,Brooke,Sirius,Hector,W,2023-09-17
6899,Cookies,Enola,Maggie,Tyna,L,2023-09-17
6901,Cookies,Enola,Maggie,Tyna,L,2023-09-17
6903,Cookies,Enola,Maggie,Tyna,L,2023-09-17
6910,Rex,Rocky,Scotty,Dusty,L,2023-09-17
6912,Rex,Rocky,Scotty,Dusty,W,2023-09-17
6914,Rex,Rocky,Scotty,Dusty,L,2023-09-17
6916,Rex,Rocky,Scotty,Dusty,L,2023-09-17
6971,Easy,Fleur,Hank,Bailey,L,2023-09-17
6973,Easy,Fleur,Hank,Bailey,L,2023-09-17
6975,Easy,Fleur,Hank,Bailey,W,2023-09-17
6977,Easy,Fleur,Hank,Bailey,L,2023-09-17
6988,Nina,Brooke,Sirius,Hector,L,2023-09-17
6990,Nina,Brooke,Sirius,Hector,,2023-09-17
6992,Nina,Brooke,Sirius,Hector,W,2023-09-17
6994,Nina,Brooke,Sirius,Hector,L,2023-09-17
6996,Nina,Brooke,Sirius,Hector,W,2023-09-17
6998,Nina,Brooke,Sirius,Hector,L,2023-09-17
7024,Easy,Fleur,Hank,,L,2023-09-17
7026,Easy,Fleur,Hank,,W,2023-09-17
7028,Easy,Fleur,Hank,,W,2023-09-17
7030,Easy,Fleur,Hank,,W,2023-09-17
7032,Nina,Brooke,Sirius,Hector,W,2023-09-17
7034,Nina,Brooke,Sirius,Hector,W,2023-09-17
7036,Nina,Brooke,Sirius,Hector,L,2023-09-17
7038,Nina,Brooke,Sirius,Hector,L,2023-09-17
7040,Nina,Brooke,Sirius,Hector,L,2023-09-17
7057,Easy,Fleur,Hank,,L,2023-09-17
7059,Easy,Fleur,Hank,Bailey,L,2023-09-17
7061,Easy,Fleur,Hank,Bailey,L,2023-09-17
7822,Rex,Hank,Gordon,Hector,L,2023-10-14
7824,Rex,Hank,Gordon,Hector,L,2023-10-14
7826,Rex,Hank,Gordon,Hector,W,2023-10-14
7828,Rex,Hank,Gordon,Hector,W,2023-10-14
7845,Nina,Brooke,Bree,Speedy,L,2023-10-14
7847,Nina,Brooke,Bree,Speedy,L,2023-10-14
7849,Nina,Brooke,Bree,Speedy,L,2023-10-14
7906,Maggie,Sirius,Alfie,Tyna,L,2023-10-14
7908,Maggie,Sirius,Alfie,Tyna,L,2023-10-14
7910,Maggie,Sirius,Alfie,Tyna,W,2023-10-14
7912,Maggie,Sirius,Alfie,Tyna,L,2023-10-14
7939,Hank,Hector,Gordon,Ashley,L,2023-10-14
7941,Hank,Hector,Gordon,Ashley,L,2023-10-14
7943,Hank,Hector,Gordon,Ashley,L,2023-10-14
7945,Hank,Hector,Gordon,Ashley,L,2023-10-14
7954,Nina,Brooke,Alex,Bella,W,2023-10-14
7956,Nina,Brooke,Alex,Bella,W,2023-10-14
7958,Nina,Brooke,Alex,Bella,W,2023-10-14
8022,Cookies,Maggie,Alfie,Tyna,L,2023-10-14
8024,Cookies,Maggie,Alfie,Tyna,L,2023-10-14
8026,Cookies,Maggie,Alfie,Tyna,W,2023-10-14
8028,Cookies,Maggie,Alfie,Tyna,W,2023-10-14
8038,Rex,Hank,Hector,Ted,L,2023-10-14
8040,Rex,Hank,Hector,Ted,L,2023-10-14
8042,Rex,Hank,Hector,Ted,L,2023-10-14
8044,Rex,Hank,Hector,Ted,L,2023-10-14
8059,Alex,Brooke,Bree,Speedy,L,2023-10-14
8061,Alex,Brooke,Bree,Speedy,W,2023-10-14
8063,Alex,Brooke,Bree,Speedy,L,2023-10-14
8110,Nina,Brooke,Bree,Alex,W,2023-10-14
8112,Nina,Brooke,Bree,Alex,W,2023-10-14
8114,Nina,Brooke,Bree,Alex,L,2023-10-14
8140,Cookies,Maggie,Sirius,Alfie,L,2023-10-14
8142,Cookies,Maggie,Sirius,Alfie,W,2023-10-14
8144,Cookies,Maggie,Sirius,Alfie,L,2023-10-14
8146,Cookies,Maggie,Sirius,Alfie,W,2023-10-14
8177,Hank,Hector,Gordon,Ashley,L,2023-10-15
8179,Rex,Hank,Hector,Gordon,W,2023-10-15
8181,Rex,Hank,Hector,Gordon,L,2023-10-15
8183,Rex,Hank,Hector,Gordon,L,2023-10-15
8236,Maggie,Sirius,Alfie,Tyna,L,2023-10-15
8238,Maggie,Sirius,Alfie,Tyna,W,2023-10-15
8240,Maggie,Sirius,Alfie,Tyna,W,2023-10-15
8242,Maggie,Sirius,Alfie,Tyna,W,2023-10-15
8348,Cookies,Maggie,Sirius,Alfie,L,2023-10-15
8350,Cookies,Maggie,Sirius,Alfie,L,2023-10-15
8352,Cookies,Maggie,Sirius,Alfie,L,2023-10-15
8354,Nina,Brooke,Bree,Alex,L,2023-10-15
8356,Nina,Brooke,Bree,Alex,W,2023-10-15
8358,Nina,Brooke,Bree,Alex,L,2023-10-15
8360,Nina,Brooke,Bree,Alex,W,2023-10-15
8362,Nina,Brooke,Bree,Alex,W,2023-10-15
8384,Rex,Hank,Hector,Gordon,L,2023-10-15
8386,Rex,Hank,Hector,Gordon,L,2023-10-15
8388,Rex,Hank,Hector,Gordon,W,2023-10-15
8390,Rex,Hank,Hector,Gordon,L,2023-10-15
8421,Maggie,Sirius,Alfie,Tyna,W,2023-10-15
8423,Maggie,Sirius,Alfie,Tyna,W,2023-10-15
8425,Maggie,Sirius,Alfie,Tyna,W,2023-10-15
8484,Maggie,Sirius,Alfie,Tyna,W,2023-10-15
8486,Maggie,Sirius,Alfie,Tyna,W,2023-10-15
8488,Maggie,Sirius,Alfie,Tyna,W,2023-10-15
8490,Nina,Brooke,Bree,Alex,W,2023-10-15
8492,Nina,Brooke,Bree,Alex,W,2023-10-15
8494,Nina,Brooke,Bree,Alex,W,2023-10-15
8519,Cookies,Maggie,Sirius,Alfie,L,2023-10-15
8521,Cookies,Maggie,Sirius,Alfie,L,2023-10-15
8523,Cookies,Maggie,Sirius,Alfie,L,2023-10-15
8546,Nina,Brooke,Bree,Alex,W,2023-10-15
8548,Nina,Brooke,Bree,Alex,W,2023-10-15
8550,Nina,Brooke,Bree,Alex,L,2023-10-15
8552,Nina,Brooke,Bree,Alex,W,2023-10-15
